id,title,location,price,m2,type,status,floor,description,n_photos,n_rooms,n_bathrooms,particular,luxury,video,virtual_tour,3d_tour,homestaging,plane,air_conditioning,heating,elevator,furnished,terrace,consume,emisions
104824591,Piso en venta en calle Reino Unido,"Buenavista-Valparaíso-La Legua, Toledo",304900,120,flat,Segunda mano/buen estado,1.0,"Agencia inmobiliaria en Toledo zona Avenida Europa - Tecnocasa ESTUDIO CIUDAD DEL GRECO SLUVENDE PISO EN TOLEDO, en Calle Reino Unido.La vivienda se encuentra en una urbanización privada con zonas comunes y PISCINA COMUNITARIA.El piso está compuesto por amplio SALÓN, COCINA amueblada y equipada con electrodomésticos, terraza-tendedero, 3 DORMITORIOS y 2 BAÑOS COMPLETOS. El dormitorio principal dispone de baño en suite.Cuenta con ARMARIOS EMPOTRADOS y AIRE ACONDICIONADO.Vivienda COMPLETAMENTE EXTERIOR.Se entregará con plaza de GARAJE en el mismo bloque.Accede al TOUR VIRTUAL a través de nuestra página web.La vivienda se encuentra en la zona de la Av. Europa, uno de los mejores barrios de Toledo con todos los servicios primarios y de ocio a escasos metros, como colegios, supermercados, centro de salud, farmacia, tiendas, bares, restaurantes y una estupenda comunicación con la línea de autobuses urbanos que comunica con todo el municipio de TOLEDO. También se encuentra situada con una excelente comunicación tanto de entrada como de salida a la ciudad de Toledo, permitiendo que en escasos minutos se pueda acceder o salir a la autovía a-42.",41.0,3,2,False,False,False,True,False,True,True,True,Calefacción individual: Gas natural,True,,,D,D
106518558, Chalet adosado en venta en Buenavista-Valparaíso-La Legua,Toledo,229000,177,house,Segunda mano/buen estado,2.0,"¡Descubre el hogar de tus sueños en La Legua! Este magnífico chalet adosado ( VPT) te ofrece la combinación perfecta de comodidad y estilo. Situado en una urbanización que cuenta con todos los servicios, este inmueble está listo para que entres a vivir. Con 177 m² distribuidos en dos plantas, la vivienda destaca por su luminosidad y su diseño exterior.En la planta baja, encontrarás un amplio salón con aire acondicionado, junto a un baño completo y un dormitorio con armario empotrado. La cocina independiente, completamente amueblada, tiene acceso directo al patio trasero, perfecto para disfrutar de tus momentos al aire libre. La primera planta alberga tres grandes dormitorios exteriores. El dormitorio principal cuenta con un baño en suite y aire acondicionado, asegurando tu confort durante todo el año. Completan esta planta otro baño completo y más espacio de almacenamiento con armarios empotrados.Con una parcela de 156 m² y una plaza de garaje incluida, esta propiedad es una oportunidad única en el mercado. Calefacción de gas natural. No dejes pasar esta oportunidad de vivir en un entorno privilegiado y en una casa que lo tiene todo. Sin comisión para el comprador ¡Ven a visitarla y enamórate!",23.0,4,3,False,False,False,False,False,True,True,True,Calefacción individual: Gas natural,,,Terraza y balcón,,
106395641,Piso en venta en Buenavista-Valparaíso-La Legua,Toledo,295000,126,flat,Segunda mano/buen estado,4.0,"PISO en Buenavista (Toledo) compuesto por SALÓN, 4 DORMITORIOS, COCINA, 2 BAÑOS. Con PISCINA COMUNITARIA, GARAJE Y TRASTERO. CALEFACCIÓN DE GAS NATURAL Y AIRE ACONDICIONADO.SALÓN amplio, con espacio para situar todo el mobiliario, y diferenciar dos áreas, una a modo de salón donde situar el sofá con la tv, y otra zona de comedor, donde se sitúa la mesa con sillas, ideal para reuniones con familia o amigos más formales. Con salida a TERRAZA.Cuenta con 4 DORMITORIOS, amplios, luminosos, con espacio para situar todo el mobiliario, con ARMARIOS EMPOTRADOS algunos de ellos. DORMITORIO principal tipo suite con baño incorporado, el cual cuenta con plato de ducha. Con ARMARIO EMPOTRADO.COCINA con salida a TERRAZA, donde se sitúa el tendedero. Amplia, con mobiliario alto y bajo, gran capacidad de almacenaje y espacio para situar todos los electrodomésticos: lavadora, frigorífico, vitrocerámica, horno, lavavajillas, etc. Con espacio para situar una mesa, ideal para comidas y/o cenas más informales.BAÑO completo con bañera con mampara. El otro BAÑO es completo con plato de ducha con mampara. Se sitúa dentro del dormitorio principal.Se sitúa en Buenavista, muy próximo a todos los servicios: supermercados, bares, restaurantes, centro de salud, farmacia, gimnasios, bancos, colegios, etcétera.El edificio cuenta con zonas comunes, zonas verdes, PISICINA COMUNITARIA y zonas para aparcamiento privadas dentro de la urbanización. Cuenta con ASCENSOR.Cuenta con PLAZA DE GARAJE en el edificio. Y con TRASTERO de 13 metros cuadrados. Ideal como desahogo de la vivienda para una correcta organización. REFERENCIA DEL INMUEBLE: TOTOBU1476Si quieres visitarlo, llámanos ahora y acuerda una visita sin compromiso. La Botica Inmobiliaria es la primera inmobiliaria de TARIFA PLANA. Con La Botica Inmobiliaria puedes vender tu casa desde una tarifa fija de 2.000 € + IVA.Si vendes o alquilas tu casa te ofrecemos un servicio de marketing exclusivo, realizando una difusión simultánea en más de 50 portales inmobiliarios, haciendo fotos y planos profesionales y dando asesoramiento completo desde el inicio hasta el final.Entra en nuestra web y VENDE tu casa con La Botica Inmobiliaria AHORRANDO miles de euros en comisiones. ¿Por qué no?*Precio fijo, sin % comisión *Sin pagos mensuales, ni por adelantado *Consigue el mejor precio.Entra en y consigue una valoración gratuita de tu vivienda.****Precio fijo, sin % de comisión.****Sin pagos mensuales.****Sin pagos por adelantado.Infórmate en nuestro sitio web de todas las condiciones.*Este anuncio no es vinculante, puede contener errores, se muestra a título informativo y no contractual.Gastos de compraventa y honorarios NO incluidos en el precio.",52.0,4,2,False,False,False,True,False,True,True,True,Calefacción individual: Gas natural,True,,Terraza,E,E
106637745, Chalet adosado en venta en Buenavista-Valparaíso-La Legua,Toledo,410800,228,house,Segunda mano/buen estado,2.0,"VENTA CHALET EN LA LEGUA CON PLACAS SOLARES Y PISCINAMagnifica vivienda en la Urbanización La Legua (Toledo), construida en el año 2003, consta de una superficie construida de 228 m² sobre una parcela de 309m².La vivienda se distribuye:Comenzando por la planta baja, entramos a un gran distribuidor que nos comunica todas las estancias, encontrándonos con una cocina amueblada con lavadero/despensa, una zona de salón con aire acondicionado, junto a un dormitorio individual, por último tenemos un baño completo con plato de ducha.En la planta primera, la propiedad cuenta con cuatro amplios dormitorios, uno de los cuales es doble el cual dispone de baño en suite para mayor comodidad y privacidad. Los otros tres dormitorios individuales cuenta con un baño común propio.La vivienda dispone de calefacción por caldera de gas, la cual ha sido recientemente renovada. Tiene garaje con dos cocheras independientes y preinstalación de punto de carga para coche eléctrico. Además, el inmueble está equipada con placas solares, lo que permite un ahorro energético, con capacidad de autoconsumo, cubriendo la necesidad energetica de la vivienda.Por último y no menos importante, el inmueble cuenta con un amplio patio trasero, con una magnífica piscina en funcionamiento y barbacoa. En la parte delantera encontramos un patio con jardín y zona con toldos, con espacio para una mesa.Solicite visita sin compromiso.No cobramos comisión al comprador.",28.0,5,3,False,False,False,True,False,True,True,True,Calefacción individual: Gas natural,,,Terraza,,
106302301, Chalet adosado en venta en Buenavista-Valparaíso-La Legua,Toledo,338000,190,house,Segunda mano/buen estado,2.0,"CHALET ADOSADO con PISCINA COMUNITARIA, en la zona de Valparaíso (Toledo), compuesto por 2 plantas, con SALÓN, COCINA, 5 DORMITORIOS y 3 BAÑOS. Con CALEFACCIÓN DE GAS NATURAL, y AIRE ACONDICIONADO. Con GARAJE tipo americano. En muy estado, con orientación suroeste. Con PORCHE de madera natural, único en la zona. TRASTERO y puerta de GARAJE AUTOMÁTICA, con dispositivo de antibloqueo y señal luminosa de apertura y cierre.Se accede a la vivienda a través de un amplio hall de entrada desde el cual se distribuyen el resto de estancias de la vivienda. ROPERO-VESTIDOR con espejo y armarios empotrados.SALÓN amplio, con salida al JARDÍN, con espacio para diferenciar dos áreas, a modo de salón donde situar el sofá con la televisión, y otra zona a modo de comedor, donde colocar la mesa con sillas, ideal para reuniones en familia y/o con amigos. Se accede a otra zona a modo de COMEDOR con AIRE ACONDICIONADO, con salida al JARDÍN.En la planta baja se sitúa 1 ESTANCIA, con multitud de usos, con amplios ventanales que dan al jardín trasero de la vivienda.El inmueble cuenta con VESTIDOR. Ideal como desahogo de la vivienda y para una correcta organización. ASEO en planta baja.COCINA completa con mobiliario alto y bajo, gran capacidad de almacenaje, y espacio para situar todos los electrodomésticos: horno, vitrocerámica, campana extractora, frigorífico, etcétera. Cuenta con zona de DESPENSA. Y con vistas al PATIO DELANTERO.En la planta alta hay AIRE ACONDICIONADO en la zona del hall, el cual se distribuye por el resto de estancias. DORMITORIOS amplios, luminosos, con espacio para situar todo el mobiliario. Todos los dormitorios cuentan con ARMARIOS EMPOTRADOS, ideales para una organización correcta, salvo la habitación que se destina a despachoDORMITORIO principal con AIRE ACONDICIONADO, con ARMARIO EMPOTRADO y tipo suite con BAÑO INCORPORADO. Con salida a TERRAZA, de amplias dimensiones. 4 DORMITORIOS en la 1ª planta.BAÑO completo con plato de ducha con mampara. El otro BAÑO es completo con bañera, y como extra cuenta con ventana exterior, ideal para una correcta ventilación.PATIO con espacio para situar un cenador, toldo, y/o piscina desmontable. Como EXTRA la vivienda se sitúa en una URBANIZACIÓN CON PISCINA COMUNITARIA, con zonas deportivas y zonas verdes. En la zona del jardín se sitúa una estancia a modo de trastero, ideal como desahogo y para almacenaje de productos de limpieza y/o jardinería. El PATIO delantero cuenta con porche, ideal de amplias dimensiones a modo de GARAJE americano.Como EXTRA la vivienda cuenta con puertas lacadas en blanco, ducha privada exterior con posibilidad de riego por goteo en el jardín, y acceso por puerta trasera a zona común con PISCINA, pista de pádel y zona ajardinada con columpios.REFERENCIA DEL INMUEBLE: TOTOBU1467Si quieres visitarlo, llámanos ahora y acuerda una visita sin compromiso. La Botica Inmobiliaria es la primera inmobiliaria de TARIFA PLANA.Con La Botica Inmobiliaria puedes vender tu casa desde una tarifa fija de 2.000 € + IVA.Si vendes o alquilas tu casa te ofrecemos un servicio de marketing exclusivo, realizando una difusión simultánea en más de 50 portales inmobiliarios, haciendo fotos y planos profesionales y dando asesoramiento completo desde el inicio hasta el final.Entra en nuestra web y VENDE tu casa con La Botica Inmobiliaria AHORRANDO miles de euros en comisiones. ¿Por qué no?*Precio fijo, sin % comisión *Sin pagos mensuales, ni por adelantado *Consigue el mejor precio.Entra en y consigue una valoración gratuita de tu vivienda.****Precio fijo, sin % de comisión.****Sin pagos mensuales.****Sin pagos por adelantado.*Este anuncio no es vinculante, puede contener errores, se muestra a título informativo y no contractual.Gastos de compraventa y honorarios de gestión inmobiliaria NO incluidos en el precio.",76.0,5,3,False,False,False,True,False,True,True,True,Calefacción individual: Gas natural,,,,E,E
105965562, Chalet pareado en venta en Buenavista-Valparaíso-La Legua,Toledo,239000,177,house,Segunda mano/buen estado,2.0,"CHALET PAREADO VPT (Vivienda de Precio Tasado) situado en La Legua (Toledo), consta de 2 plantas, en PLANTA BAJA se sitúa SALÓN, COCINA con salida al PATIO, 1 DORMITORIO y 1 BAÑO. En PRIMERA PLANTA se sitúan 3 DORMITORIOS y 2 BAÑOS completos. Cuenta con GARAJE. Con CALEFACCIÓN DE GAS NATURAL y AIRE ACONDICIONADO. La entrega de la vivienda sería a partir de agosto de 2025.Se accede a través de un hall de entrada desde el cual se da acceso al resto de estancias de la vivienda. SALÓN amplio, luminoso con AIRE ACONDICIONADO y espacio para diferenciar dos espacios, uno a modo de salón y otro a modo de comedor.DORMITORIO con ARMARIO EMPOTRADO, luminoso, con espacio para situar todo el mobiliario. BAÑO COMPLETO en planta baja, el cual cuenta con DUCHA con mampara.DORMITORIO PRINCIPAL tipo suite, con AIRE ACONDICIONADO y BAÑO INCORPORADO, el cual cuenta con bañera con mampara, y como extra con ventana exterior, ideal para una correcta ventilación. Con salida a TERRAZA.Los otros dos DORMITORIOS cuentan también con AIRE ACONDICIONADO y salida a terraza, con ARMARIO EMPOTRADO.ARMARIO EMPOTRADO de grandes dimensiones en hall, ideal como desahogo y para una correcta organización del inmueble.COCINA amueblada con mobiliario alto y gran capacidad de almacenaje, con espacio para situar todos los electrodomésticos: lavavajillas, lavadora, vitrocerámica, campana extractora, frigorífico, horno, microondas, etc. Con espacio para situar una mesa con sillas, ideal para comidas y/o cenas más informales. Cuenta con salida al PATIO.La vivienda cuenta con GARAJE, amplio, con espacio para situar almacenaje a modo de trastero. Como EXTRA la vivienda cuenta con mosquiteras en toda la casa.La vivienda es VPT, los requisitos de compra son:•Inscripción en el registro de demandantes de vivienda.•No tener vivienda en propiedad (salvo excepciones, en precio tasado te permite la titularidad de 1 única vivienda libre si el valor de esta no supera el 80% del precio máximo de la VPT)•No superar unos ingresos corregidos de 7,5 veces el IPREM (87.500€ de suma de las casillas base imponible general y del ahorro en la última renta).REFERENCIA DEL INMUEBLE: TOTOBU1463Si quieres visitarlo, llámanos ahora y acuerda una visita sin compromiso. La Botica Inmobiliaria es la primera inmobiliaria de TARIFA PLANA.Con La Botica Inmobiliaria puedes vender tu casa desde una tarifa fija de 1.650 € + IVA.Si vendes o alquilas tu casa te ofrecemos un servicio de marketing exclusivo, realizando una difusión simultánea en más de 50 portales inmobiliarios, haciendo fotos y planos profesionales y dando asesoramiento completo desde el inicio hasta el final.Entra en nuestra web y VENDE tu casa con La Botica Inmobiliaria AHORRANDO miles de euros en comisiones. ¿Por qué no?*Precio fijo, sin % comisión *Sin pagos mensuales, ni por adelantado *Consigue el mejor precio.Entra en y consigue una valoración gratuita de tu vivienda.****Precio fijo, sin % de comisión.****Sin pagos mensuales.****Sin pagos por adelantado.Infórmate en nuestro sitio web de todas las condiciones.*Este anuncio no es vinculante, puede contener errores, se muestra a título informativo y no contractual.Gastos de compraventa y honorarios de gestión inmobiliaria NO incluidos en el precio.",64.0,4,3,False,False,False,True,False,True,True,True,Calefacción individual: Gas natural,,,,D,D
106431716,Piso en venta en Urbanizacion Tres Culturas,"Buenavista-Valparaíso-La Legua, Toledo",247000,110,flat,Segunda mano/buen estado,1.0,"GRUPO SUPERCASA Vende EXCELENTE para entrar a vivir piso de 110m² en 1ª planta con ASCENSOR en la Urbanización Tres Culturas con PISCINA Y PISTAS DEPORTIVAS comunitarias.La vivienda se compone de amplio salón con terraza, cocina totalmente amueblada con terraza/tendedero, 3 dormitorios y 2 baños completos. El dormitorio principal tipo suite con baño integrado. La vivienda cuenta con plaza de garaje y trastero incluido.Estamos en Paseo San Eugenio 1- GRUPO SUPERCASA TOLEDO.Tu objetivo es nuestro deber. Tu satisfacción nuestro compromiso.",66.0,3,2,False,False,False,True,False,True,True,False,Calefacción individual: Gas natural,True,,Terraza,,
98420492, Casa o chalet independiente en venta en calle Gorrión,"Buenavista-Valparaíso-La Legua, Toledo",698000,400,house,Segunda mano/buen estado,,"MAISONDIX ofrece CHALET INDEPENDIENTE en Urbanización CIGARRALES DE VISTAHERMOSA TOLEDO.Ubicada en una de las mejores Urbanizaciones de la ciudad, se encuentra esta vivienda principalmente en UNA PLANTA con dos amplios porches, PISCINA y jardín.Todas las estancias principales se distribuyen en la planta de acceso para conseguir que la comodidad sea, sin lugar a dudas, la característica más destacable de la casa, amplio hall de entrada que da acceso a salón - comedor con salida al porche, cocina más habitación de lavado y despensa, dos habitaciones en suite con amplio vestidor cada una de ellas con baño incorporado, en la misma planta encontramos dos dormitorios más y baño.Planta superior, la galería distribuye dos habitaciones cada una de ellas con amplia terraza con vistas y baño. Detalles"" Suelos de tarima y suelos de piedra caliza en salón, amplios ventanales, vidrio de seguridad bajo emisivos y control solar, así como Fibra óptica 500mb, salón con chimenea en cassette, A/A""Dispone de DOS VIVIENDAS de invitados junto a porche y piscina totalmente equipadas, con cocinas.GARAJE exterior para cuatro coches.Ubicada a 1’5km del centro de TOLEDO y 35 min de MADRID, zona con Colegio Privado International School San Patricio TOLEDO, Club Social MONTEVERDE.“La CASA PERFECTA con las COMODIDADES de una GRAN CIUDAD”.",29.0,6,4,False,True,False,False,False,True,True,False,,,,Terraza y balcón,,
106620717, Casa o chalet en venta en calle Laurel Real,"Buenavista-Valparaíso-La Legua, Toledo",355000,232,house,Segunda mano/buen estado,,"¡Descubre el hogar de tus sueños en Urbanización Valparaíso, Toledo! Este maravilloso chalet familiar está diseñado para ofrecerte confort, elegancia y unas vistas espectaculares en una de las mejores zonas residenciales de la ciudad. Características principales: 4 dormitorios, incluyendo uno en suite para mayor comodidad. 3 baños completos y un aseo, con acabados modernos y funcionales. Cocina completamente amueblada y equipada con muebles de alta gama, perfecta para los amantes de la gastronomía. Salón a dos alturas que incluye un patio interior acristalado, creando un espacio luminoso y elegante que conecta con la cocina y el pasillo. Una gran terraza de 20 m² con vistas exclusivas al Alcázar de Toledo, la Catedral y los Montes de Toledo. Exterior y áreas de ocio: Parcela de 175 m², con una zona de juegos y disfrute de 60 m² equipada con: Chimenea. Aseo. Aire acondicionado. Porche con barbacoa, ideal para reuniones familiares. Un impresionante solárium en la parte superior para relajarte y disfrutar del sol. Extras que marcan la diferencia: Espacio amplio en la planta inferior para tu coche y trastero, con un gran armario empotrado para organización adicional. Urbanización tranquila y bien cuidada con zonas comunes de alta calidad. No pierdas la oportunidad de vivir en un lugar que combina comodidad, lujo y vistas inmejorables. ¡Mejor verlo en persona! Contacta ahora para concertar tu visita. .",36.0,4,4,False,False,False,False,False,True,True,True,,,,Terraza,,
106318664, Chalet adosado en venta en Buenavista-Valparaíso-La Legua,Toledo,355000,220,house,Segunda mano/buen estado,2.0,"¡ VENTA A PLAZOS A 5 AÑOS O EN ALQUILER CON OPCION A COMPRA ¡PRECIO DE VENTA: 355.000€ENTRADA INICIAL: 60.000€PRECIO FINAL DE LA VENTA A PLAZOS: 223.000€AMORTIZAS SIN INTERESES: 132.000€CUOTA: 1.200€Adosado en Toledo zona Valparaíso, 240 m2 construidos y 220 m2 útiles, 295 m. superficie parcela, 9 m2 de cocina equipada con despensa y acceso a terraza, 35 m2 de salón en 2 alturas, independiente, 12 m2 de terraza, 5 habitaciones; 3 amplias, con armarios empotrados y revestidos, 1 suite con vestidor y 1 sencilla, 3 baños; 2 con bañera y una con plato de ducha, propiedad para Entrar a vivir, carpintería interior de macizas, suelo de mármol, carpintería exterior de doble climalit, caldera de gas, jardín, porche, vivienda muy luminosa, patio, piscina comunitaria, puerta blindada y cerradura de seguridad, garaje de 2 plazas.Extras: autobuses, centros comerciales, centros médicos, cerca de universidad, colegios, hospitales, metro, parques, supermercados, tren, urbanización, vistas despejadas, zona de paso, zonas infantiles.Vivienda en una urbanización muy tranquila y luminosa, zona comunitaria y ajardinada y zona muy exclusiva, cerca de colegios, supermercados y con vistas a Toledo.COMUNIDAD: 55€ MENSUALES.",65.0,5,3,False,False,False,False,False,True,True,False,Calefacción individual: Gas natural,,,Terraza,G,G
106431713,Piso en venta en calle Doctor Jiménez Díaz,"Buenavista-Valparaíso-La Legua, Toledo",207000,74,flat,Segunda mano/buen estado,,"GRUPO SUPERCASA Vende EXCELENTE para entrar a vivir. Piso de 74m² en planta baja con PATIO de casi 60m² en la Urbanización Tres CulturasLa vivienda se compone de amplio salón con salida al patio, cocina totalmente amueblada con despensa y salida al patio, 2 dormitorios y 1 baño completo. Todas las estancias tienen salida al patio. La vivienda cuenta con plaza de garaje y trastero incluido. La plaza de garaje cuenta con cargador para coche eléctrico.Estamos en Paseo San Eugenio 1- GRUPO SUPERCASA TOLEDO.Tu objetivo es nuestro deber. Tu satisfacción nuestro compromiso.",30.0,2,1,False,False,False,False,False,True,True,True,Calefacción individual: Gas natural,True,,,,
105992878, Casa o chalet independiente en venta en calle del Roble,"Buenavista-Valparaíso-La Legua, Toledo",525000,593,house,Segunda mano/buen estado,,". OPORTUNIDAD EN TOLEDO DE LUJO.Compre este inmueble por debajo del precio de mercado por tiempo limitado, ahorrándose los gastos notariales.INMUEBLE DE SUBASTA. La adquisición del inmueble publicitado en este anuncio se realizará exclusivamente en el marco del proceso de Subasta Judicial en el que se encuentra, a través de Cesión de Remate. Al no tratarse de una compraventa directa, el importe publicado ha de ser considerado como una orientación al precio por el cual puede adjudicarse el inmueble.Toda la información aquí publicada se encuentra disponible de manera pública en el Boletín Oficial del Estado. Le asesoraremos en todo el proceso, pida información sin compromiso.No dejes pasar la oportunidad. Llama y te contamos.",34.0,6,5,False,True,False,False,False,True,True,False,,,,Terraza y balcón,,
105964775, Casa o chalet independiente en venta en calle Jilguero,"Buenavista-Valparaíso-La Legua, Toledo",549000,513,house,Segunda mano/buen estado,2.0,"¡Descubre el hogar de tus sueños en Toledo! Este impresionante chalet independiente, situado en una parcela de 2881 m², ofrece 513 m² construidos distribuidos en dos plantas. Al entrar, te recibirá un salón muy amplio y luminoso con una acogedora chimenea, perfecto para reuniones familiares. La cocina principal es igualmente espaciosa y está equipada con una zona de comedor y despensa, además de contar con una cocina adicional y un cuarto de lavandería.Con siete dormitorios, todos con armarios empotrados, y cinco cuartos de baño, esta casa garantiza comodidad y espacio para toda la familia. La calefacción individual y el aire acondicionado aseguran un ambiente agradable durante todo el año. Varias estancias adicionales ofrecen flexibilidad para adaptarse a tus necesidades.El exterior es un auténtico paraíso: un jardín exuberante con mucha vegetación, árboles, varios porches y terrazas donde disfrutar del aire libre. La zona deportiva y la amplia piscina con ducha te invitan a mantenerte activo y relajado. Además, cuenta con una plaza de garaje y trastero para mayor comodidad.Ubicado en una urbanización muy tranquila de Toledo capital, este chalet combina la tranquilidad del entorno con una excelente accesibilidad. Construido en 1980 y en buen estado de conservación, esta propiedad es una oportunidad única para vivir en un entorno privilegiado. ¡No dejes pasar esta oportunidad y ven a visitarlo!",37.0,7,5,False,True,False,False,False,True,True,True,Calefacción individual,,,Terraza y balcón,,
103056239,Piso en venta en avenida de la Legua,"Buenavista-Valparaíso-La Legua, Toledo",295000,210,flat,Segunda mano/buen estado,3.0,"MAISONDIX ofrece PISO EXTERIOR cuatro habitaciones en Avd principal de La LEGUA.Ubicada en Urbanización cerrada con PISCINA amplio jardín y zona de juegos infantil.Piso exterior con salón, cocina amueblada más terraza, tres habitaciones dos baños uno en habitación principal.Planta superior habitación de 30m2 diáfana.Dispone de PLAZA de GARAJE junto a ascensores, más amplio TRASTERO de 12m2.Urbanización cerrada con posibilidad de aparcamiento comunitario exterior.Excelente ubicación Urb. LA LEGUA de Toledo, próximo al Colegio Internacional San Patricio de Toledo, junto al nuevo Supermercado La Despensa.",11.0,4,2,False,False,False,False,False,True,True,False,Calefacción individual,True,,,,
105200805,Piso en venta en Buenavista-Valparaíso-La Legua,Toledo,330000,110,flat,Segunda mano/buen estado,3.0,"Piso con dos piscinas, pista de padel, pista de fútbol sala, baloncesto y área infantil comunitarios en urbanización cerrada.A/A por conductos en salón y dormitorios.Todo exterior, mucha luz natural.4 armarios empotrados vestidos, tres con cajoneras y el armario de entrada.Bien comunicado, con autobuses de linea urbana cada 20 minutos, parada de taxi a excasos metros y fácil salida a la circunvalación TO-20.Barrio muy tranquilo y con mucha vida en la calle, con todos los servicios a mano, al lado de colegios, institutos, del centro de salud, supermercados, bares con terrazas, restaurantes, etc.Distancias en coche a sitios de interés: A 10 km del hospital universitario y del parque temático Puy de Fou, a 3 km de la estación del Ave y de la estación autobuses.",24.0,3,2,False,False,False,False,False,True,True,True,Calefacción individual: Gas natural,True,,,,
100131349,Piso en venta en ronda Buenavista,"Buenavista-Valparaíso-La Legua, Toledo",280000,80,flat,Segunda mano/buen estado,1.0,"GRUPO SUPERCASA VENDE Piso A ESTRENAR de 90m² en una de las mejores zonas de Toledo en un EDIFICIO RECIÉN REFORMADO compuesto de amplio salón luminoso con terraza con vistas hacia el Parque de Ciudad de Nara, cocina americana con posibilidad de instalar isla, además cuenta con terraza/tendedero, 3 dormitorios (2 de ellos con armario empotrado) y 2 baños completos con plato de ducha. El dormitorio principal tipo suite con baño incluido. La vivienda cuenta con una plaza de garaje incluida en el precio. Además, la comunidad cuenta con PISCINA y PISTAS DEPORTIVAS COMUNITARIAS.La vivienda cuenta todo nuevo, tanto electricidad, fontanería y calefacción. Cuenta además con:- Ventanas de pvc con cristal climalit oscilobatiente- Puertas de madera de haya lacadas en blanco- Luz indirecta en el salón- Radiadores nuevosSe encuentra ubicado en una de las mejores zonas de Toledo, junto al Centro Médico de Buenavista, supermercados, farmacias, parques, colegios.. .Estamos en Paseo San Eugenio 1- GRUPO SUPERCASA TOLEDO.Tu objetivo es nuestro deber. Tu satisfacción nuestro compromiso.",31.0,3,2,False,False,False,True,False,True,True,False,Calefacción central,True,,Terraza,,
106159943,Piso en venta en Concilios De Toledo,"Buenavista-Valparaíso-La Legua, Toledo",299000,122,flat,Segunda mano/buen estado,5.0,"Amplio piso con preciosas vistas a Toledo y muy luminoso. Urbanización con piscina de agua salada, servicio de conserjería, zona infantil y pista padel. La vivienda consta de 4 dormitorios (con empotrados), empotrado en pasillo, salón, 2 baños (con mampara y mueble con lavabo encastrado en uno de ellos), cocina amueblada y tendedero. Garaje y trastero. A/A y bomba de calor en salón, dormitorio principal y cocina. Calefacción a gas natural. Excelentes calidades. Empotrados forrados y vestidos. Puerta blindada. Aluminio y climalit. Suelos de tarima. En el precio se incluye el mobiliario de la cocina con vitrocerámica, horno y campana, y de los dos baños.",40.0,4,2,False,False,False,True,False,True,True,True,Calefacción individual: Gas natural,True,,,E,E
102811467, Chalet pareado en venta en calle Rodrigo de la Fuente,"Buenavista-Valparaíso-La Legua, Toledo",359000,150,house,Segunda mano/buen estado,,"En VENTA bonito chalet con GRAN PARCELA en la urbanización LA LEGUA. La propiedad cuenta con una amplia parcela, con un precioso jardín diseñado por la propiedad, con árboles, arbustos, estanque y plantas ornamentales. La vivienda se distribuye en dos plantas: Planta baja con porche de entrada que nos da acceso a un amplio hall, salón con acceso a patio trasero, despensa, aseo con plato de ducha, dormitorio y cocina muy amplia y lavadero cerrado. Planta PRIMERA con distribuidor que nos comunica con el baño común y los tres dormitorios dobles, todos ellos con armarios empotrados, el dormitorio principal en suite con vestidor y baño. En el exterior tenemos un amplio garaje para dos coches y un cuarto trastero. La vivienda cuenta con sistema de PLACAS SOLARES FOTOVOLTAICAS con una potencia de 5 KW, gasto mínimo en consumo eléctrico. Nuestro departamento financiero le puede llegar a conseguir las mejores condiciones hipotecarias y porcentaje de financiación pudiendo alcanzar incluso el 100% del precio de compra. Preinstalación de A/A en todas las estancias, actualmente cuenta con 4 aparatos inverter, caldera de gas natural de condensación. Suelos de tarima y gres, puertas de roble, puertas seccionales en garajes, porches de estructura metálica con cubiertas vegetales, mosquiteras, pintura en tierras florentinas. Parcela con amplia variedad de especies vegetales, entre ellas un gran plátano de sombra y una gran palmera. Situada en una de las mejores zonas de Toledo, con fácil acceso y comunicación con Toledo y Madrid, con amplias zonas verdes, zonas deportivas, colegios, supermercados y transporte urbano. Si buscas una vivienda cómoda, con una gran parcela, en muy buen estado de conservación y muchas más posibilidades, es tu oportunidad. Podemos asesorarte sobre la mejor opción hipotecaria, solicita información a tu comercial.",49.0,4,3,False,False,False,True,False,True,True,True,Calefacción individual: Gas natural,,,Terraza,,
106330509, Chalet adosado en venta en calle Juan Bautista Maino,"Buenavista-Valparaíso-La Legua, Toledo",245000,125,house,Segunda mano/buen estado,2.0,"HUSPY vende chalet adosado en urbanización La Legua de Toledo.Esta vivienda de 157 m² distribuidos en 2 plantas, ubicada en una parcela de 150 m², ofrece un espacio cómodo y funcional. Dispone de 3 dormitorios, 2 baños, un amplio salón-comedor, cocina completamente amueblada, hall de entrada, garaje para un vehículo y un trastero. Además, cuenta con un patio solado de 42 m², ideal para disfrutar al aire libre. La propiedad se encuentra en excelente estado de conservación, lista para entrar a vivir. Tiene calefacción y agua caliente por gas natural, ventanas de aluminio con climalit, puertas interiores de roble y pavimento de gres porcelánico.La Urbanización La Legua, situada a las afueras de Toledo, es una zona residencial tranquila y bien desarrollada. Ofrece una combinación de chalets y viviendas unifamiliares, con amplias parcelas y zonas verdes que proporcionan un entorno agradable para vivir. La urbanización cuenta con servicios como supermercados, colegios y restaurantes, además de estar bien conectada con el centro de Toledo y Madrid gracias a su cercanía a vías principales. Es una opción popular para familias que buscan un entorno residencial tranquilo, pero con fácil acceso a la ciudad.Vivienda de protección oficial en régimen especial, VPO.Si desea visitarlo, llámenos y cerraremos una visita sin compromiso.HUSPY NO COBRA HONORARIOS AL COMPRADOR.",53.0,3,2,False,False,False,False,False,True,True,False,Calefacción individual: Gas natural,,,Terraza,,
106060626, Casa o chalet independiente en venta en Herrerillo s/n,"Buenavista-Valparaíso-La Legua, Toledo",339000,167,house,,1.0,"CASAS QUE ENAMORANVIVIENDAS INDEPENDIENTES DE 3 Y 4 DORMITORIOS DE UNA PLANTA EN PARCELAS DE 300 A 900 M2 Exclusivo proyecto de viviendas independientes de 3 y 4 dormitorios en una sola planta, con amplias zonas de jardín en un entorno privilegiado como es el de Cigarrales de Vistahermosa. Su arquitectura moderna y sencilla unido a su funcionalidad y luminosidad, dan como resultado casas elegantes que se adaptan a la perfección a las necesidades de las familias. Su cuidada distribución en una planta, permite total independencia entre las zonas de día y de noche, buscando siempre la luz, la mejor orientación y los espacios amplios y versátiles. Comprometidos con el medio ambiente y la eficiencia energética, la vivienda goza de calificación A, gracias a su climatización mediante suelo radiante y refrescante por AEROTERMIA, así como a la calidad de los materiales y su construcción, lo cual aporta a los hogares gran confort y un ahorro económico muy significativo.",6.0,4,3,False,False,False,False,False,True,True,False,,,,,A,A
106212754," Casa o chalet independiente en venta en calle del Roble, 6","Buenavista-Valparaíso-La Legua, Toledo",525000,669,house,Segunda mano/buen estado,3.0,"Maravilloso chalet individual en la Urbanización Valparaíso con 900 m2 de parcela y casi 700 m2/c. Adquisición mediante cesión de remate, por lo que el comprador se ahorra los gastos notariales. La vivienda se encuentra en buen estado, pendiente únicamente de algunos remates de construcción (puertas de empotrados, saneamientos... ) El chalet se distribuye en 3 alturas. En la planta principal encontramos un amplio salón, cocina con lavadero, dormitorio principal con baño y vestidor, cuatro dormitorios secundarios y dos baños. En la primera planta disponemos de terraza y de dos dormitorios y un baño. En la planta sótano podemos disfrutar de una piscina cubierta y zonas de relax como otros dos salones, además de cocina y baño. Garaje muy amplio con capacidad para 3 o más coches. A destacar las calidades de la construcción con persianas automatizadas, aerotermia, hueco para montacargas entre ambas cocinas.",40.0,7,5,False,True,False,False,False,True,True,True,Calefacción individual,,,Terraza,,
106754903, Chalet adosado en venta en calle Adelfa,"Buenavista-Valparaíso-La Legua, Toledo",338500,230,house,Segunda mano/buen estado,3.0,"Imagina un lugar donde cada miembro de tu familia encuentra su espacio ideal, en un entorno diseñado para el confort y la actividad. Al entrar, serás recibido por un amplio salón dividido en dos ambientes con una luz natural que inunda el espacio a través de grandes ventanales, que se abren a una terraza con vistas panorámicas de la histórica ciudad de Toledo, declarada Patrimonio de la Humanidad. Cada atardecer se convierte en un espectáculo único desde la comodidad de tu hogar. La vivienda tiene 243 metros, distribuidos en 3 plantas, cuenta con cinco habitaciones, una de ellas situada en la planta principal, proporcionando flexibilidad y comodidad para familias de cualquier tamaño. Disfruta de reuniones familiares y con amigos en tu propio patio de 200 m2 con barbacoa, donde cada encuentro es una experiencia memorable. Este espacio al aire libre está diseñado para ofrecerte momentos de esparcimiento y gastronomía en la comodidad de tu hogar. La urbanización no solo te brinda seguridad y exclusividad, sino también zonas verdes e instalaciones para toda la familia; piscina comunitaria, pistas deportivas y parque infantil para el disfrute de los más pequeños. La combinación de espacios amplios, vistas impresionantes y comodidades modernas crea un ambiente propicio para una vida llena de energía y felicidad. No pierdas la oportunidad de vivir en un lugar que lo tiene todo. Contáctanos hoy mismo para concertar una visita. Estamos seguros de que, al conocerla, sentirás que este es el hogar que siempre has soñado. Te esperamos en nuestras oficinas en Calle Diputación Nº 7 de Toledo o contactando en el teléfono Nuestro departamento financiero te asesorará gratuitamente de la mejor financiación a tu medida para TU nuevo HOGAR. HazloMásPráctico.",66.0,5,3,False,False,False,True,False,True,True,True,Calefacción individual: Gas natural,,,Terraza,E,E
106481273, Casa o chalet independiente en venta en calle Colibrí,"Buenavista-Valparaíso-La Legua, Toledo",750000,565,house,Segunda mano/buen estado,3.0,"Venta de dos viviendas en una misma escritura en la exclusiva zona de Vistahermosa en Toledo Capital sobre una espectacular parcela de 3.505 m².No cobramos honorarios de compra-venta y ofrecemos financiación hasta el 100% de la compra, cumpliendo requisitos.Accedemos a la parcela rodeada de preciosos jardines y caminos señalizados que nos llevan hasta la entrada, donde encontramos dos zonas de aparcamiento cubiertas con pérgolas de madera, con capacidad para cinco coches, además de una amplia explanada. La propiedad cuenta con una piscina de gran tamaño, de 17 metros de largo por 6 de ancho, junto a una zona chill-out perfecta para el descanso y disfrute.Primera viviendaLa primera vivienda, con un diseño elegante y espacioso, dispone de seis dormitorios distribuidos en tres plantas. En la planta principal encontramos un amplio recibidor con acabados en madera, un salón de gran tamaño a doble altura, un segundo salón tipo biblioteca con una bodega y aseo, y una cocina con vistas al jardín equipada con una moderna península. Esta planta incluye también un dormitorio en suite, una sala de estar y una despensa. En la primera planta, la vivienda cuenta con cuatro habitaciones y tres baños completos, uno de ellos en suite con terraza privada. La segunda planta alberga una amplia habitación diáfana abuhardillada con acceso a una gran terraza con impresionantes vistas a Toledo.Segunda viviendaLa segunda vivienda consta de cuatro dormitorios distribuidos en dos plantas. En la planta baja dispone de un salón con vistas a la piscina, un dormitorio con baño completo y una zona de lavandería. En la primera planta encontramos un amplio salón con terraza y vistas, tres dormitorios, dos baños completos y una cocina.Zona exteriorEn la parte trasera de la parcela se encuentra una encantadora casita independiente que incluye cocina, chimenea y baño, ideal para reuniones o como área adicional para invitados.Esta magnífica propiedad fue reformada en el año 2009 con materiales de primera calidad y cuenta con sistema de riego automático alimentado por un pozo propio, zonas de césped natural y abundante vegetación con diversos árboles frutales como naranjos, nísperos, ciruelos, manzanos y un membrillo.Ven a visitarla sin compromiso y descubre todo lo que esta propiedad única tiene para ofrecer.",53.0,1,9,False,True,False,False,False,True,True,True,Calefacción individual,,,Terraza y balcón,E,D
106206440, Casa o chalet en venta en calle de Alemania,"Buenavista-Valparaíso-La Legua, Toledo",345000,159,house,Segunda mano/buen estado,,"Esta casa en venta se encuentra ubicada en la zona de Buenavista en Toledo Capital, en una inmejorable situación cercana a todos los servicios. Con una superficie total de 185 m² (incluyendo el porche antes de entrada), esta propiedad cuenta con 3 habitaciones dobles, siendo 1 de ellas tipo suite y muy amplia con vestidor (anteriormente 4 dorm. ). Dispone de 2 baños, aire acondicionado (frío y calor) en salón y dormitorios calefacción a gas natural. Alarma instalada en las tres plantas con detector de presencia, hilo musical en toda la casa. Con una antigüedad entre 20 y 30 años, esta casa reformada también ofrece armarios empotrados, cocina equipada con tendedero, jardín propio trasero solado y delantero y garaje (con puerta automatizada). En cuanto a su distribución interior, destaca por sus suelos de tarima maciza, carpintería exterior de aluminio y vidrios dobles, con persianas en lamas de PVC. Además, su orientación soleada y sus amplios patios hacen de este inmueble una excelente opción para vivir en un entorno cómodo y acogedor y una de las mejores zonas donde vivir en la ciudad de Toledo.",21.0,3,2,False,False,False,False,False,True,True,True,Calefacción individual: Gas natural,,,,,
106617799,Piso en venta en calle Concilio de Toledo,"Buenavista-Valparaíso-La Legua, Toledo",357000,115,flat,Segunda mano/buen estado,,"Este precioso piso en venta se encuentra en la zona de Buenavista, en Toledo Capital. Con una superficie total de 142 m² y 115 m² de superficie útil, esta vivienda cuenta con plaza de garaje y trastero, 4 habitaciones dobles, 2 baños y 1 aseo. Adaptado para personas con discapacidad, dispone de aire acondicionado (frío y calor), armarios empotrados, ascensor, calefacción de gas natural, cocina amueblada con electrodomésticos y un amplio salón muy luminoso. La vivienda tiene calidades muy buenas, estado de conservación excelente y ofrece extras como parking opcional. Comunidad con piscina, área infantil con arenero y césped. La zona de Buenavista destaca por su ambiente soleado y tranquilo, con servicios cercanos y buenas conexiones. ¡No dejes pasar esta oportunidad de vivir en este maravilloso piso en Toledo Capital!",46.0,4,3,False,False,False,False,False,True,True,True,Calefacción individual: Gas natural,True,,Terraza,,
106617771, Chalet adosado en venta en calle Venecia,"Buenavista-Valparaíso-La Legua, Toledo",380000,141,house,Segunda mano/buen estado,,"Este magnífico chalet adosado en venta se encuentra en la zona de Buenavista, en Toledo Capital. Con una superficie total de 165 m² y una superficie útil de 141 m², esta vivienda cuenta con 3 habitaciones individuales, 1 habitación doble, 2 baños, 1 aseo, aire acondicionado, calefacción a gas natural, armarios empotrados, cocina con despensa y salida al patio, garaje y jardín propio. Con una antigüedad entre 20 y 30 años, se encuentra en buen estado de conservación. La orientación este garantiza una gran luminosidad en todas las estancias. No dejes pasar la oportunidad de vivir en este acogedor chalet en una de las zonas más deseadas de Toledo.",58.0,4,3,False,False,False,False,False,True,True,True,Calefacción individual: Gas natural,,,,,
101345819,"Piso en venta en calle Doctor Fleming, 1","Buenavista-Valparaíso-La Legua, Toledo",297000,110,flat,Segunda mano/buen estado,2.0,"PARTICULAR, LO SIENTO NO ATIENDO A INMOBILIARIAS. Vivienda sin barreras arquitectónicas con amplias puertas y pasillos. Muy luminoso. Zonas comunes con piscina y pistas deportivas. Amplia terraza y tendedero. Aire acondicionado. Plaza de garaje y trastero incluidos. Tarima flotante. Dos baños, uno con bañera y otro con plato de ducha y mampara de cristal. Zona con mucha demanda de alquiler por el hospital. En el nuevo POM esta en la zona de contacto de Valparaíso y Buenavista. Parada de autobús urbano (Líneas 81 y 83).",23.0,3,2,False,False,False,False,False,True,True,True,Calefacción individual: Gas natural,True,,Terraza,D,D
103669946, Casa o chalet independiente en venta en calle Mirlo,"Buenavista-Valparaíso-La Legua, Toledo",495000,580,house,Segunda mano/para reformar,3.0,"HABILIS Consulting Inmobiliario VENDE Chalet independiente de 610 m2 en parcela de 3.562 m2. Espectacular Chalet distribuido en tres plantas totalmente exterior, con garaje privado para 2 coches, 3 terrazas y piscina. Situado en la parte alta de la urbanización de Vistahermosa de Toledo, donde tenemos asegurada unas vistas privilegiada de la Ciudad Imperial, al igual que disfrutaremos del recorrido del río Tajo a su paso por la ciudad Toledana. En la planta principal de la vivienda contamos con una amplia entrada, cocina amueblada con office, aseo, salón muy luminoso con unas vistas inmejorables desde sus grandes ventanales. Planta primera, pasillo distribuidor donde se encuentran las 4 habitaciones (habitación principal con baño y vestidor) y un baño completo con bañera. Planta sótano: Amplia sala polivalente, trastero, aseo, cocina y lavandería. La vivienda cuenta con un garaje privado para 2 coches. Características generales: Armarios empotrados, calefacción individual de gas, suelos de madera y mármol, pintura gotelé, puertas interiores lacadas en blanco, garaje exterior, ventanas de aluminio y/o madera con doble acristalamiento, 3 terrazas, mosquiteras, puerta principal de madera. Cercano a servicios de uso cotidiano, Supermercados, farmacia, guardería, zonas verdes, parques, restauración, complejo deportivo Monteverde y próximo a International School San Patricio. Concierte su VISITA sin compromiso. LE ESPERAMOS en nuestras Oficinas en Calle Diputación Nº 7 de Toledo o en el teléfono Nuestro Departamento Financiero le asesorará de la mejor financiación a su medida para su nuevo HOGAR HAZLOMASPRACTICO .",86.0,4,3,False,False,False,True,False,True,True,True,Calefacción individual,,,Terraza y balcón,,
106762372, Casa o chalet en venta en calle Francisco de Pisa s/n,"Buenavista-Valparaíso-La Legua, Toledo",236700,171,house,Segunda mano/buen estado,,"Casa en toledo capital, en la calle clfrancisco de pisa.",2.0,3,2,False,False,False,False,False,True,True,False,,,,,,
105539097,"Piso en venta en ronda Buenavista, 41","Buenavista-Valparaíso-La Legua, Toledo",310000,90,flat,Segunda mano/buen estado,2.0,"Vivienda de 120 metros cuadrados, 90 m2 útiles, en una de las zonas más exclusivas de Toledo con tres dormitorios amplios, con dos baños, muy luminoso, está perfecto de estado, con aire acondicionado por conducto en toda la vivienda con calefacción individual, con garaje y piscina y jardín comunitario tienen actualmente todos los permisos de vivienda turística, por lo cual se puede destinar automáticamente ha dicha actividad empresarial, es una gran OPORTUNIDAD.",23.0,3,2,False,False,False,False,False,True,True,True,Calefacción individual,True,,Terraza,,
106384230, Chalet pareado en venta en Buenavista-Valparaíso-La Legua,Toledo,365000,176,house,Segunda mano/buen estado,2.0,"PARTICULAR Vende encantador chalet con amplia parcela y vistas en la urbanización LA LEGUA.La vivienda se distribuye de la siguiente manera:-Planta BAJA con porche de entrada que nos da acceso a vestíbulo, amplio salón de 28 m2 muy luminoso con salida a jardín trasero, aseo y cocina amueblada con tendedero cerrado. Acceso a garaje/trastero desde vestíbulo. -Planta PRIMERA con distribuidor que nos comunica con 3 dormitorios dobles con armarios empotrados y baño común, y a un dormitorio principal en suite con vestidor y baño propio.La parcela se distribuye en dos niveles. Un primer nivel con acceso desde el salón de la vivienda con un amplio porche y jardín de césped artificial con vistas despejadas de un entorno natural privilegiado. Un segundo nivel que cuenta con un gran terreno con múltiples opciones de uso desde un huerto hasta una piscina.Situada en una de las mejores urbanizaciones de Toledo, con fácil acceso y comunicación con Toledo y Madrid. Zona consolidada que cuenta con todo tipo de servicios cerca de zonas verdes e infantiles, colegio público, colegio privado San Patricio, Club Deportivo la Legua, Mercadona, supermercado Despensa, cafeterías y transporte urbano. Todo ello en un entorno totalmente natural para disfrutar de largos paseos y aire puro.",34.0,4,3,False,False,False,False,False,True,True,True,,,,Terraza,,
104914049,Piso en venta en ronda Buenavista,"Buenavista-Valparaíso-La Legua, Toledo",265000,109,flat,Segunda mano/buen estado,3.0,"Estupendo piso en venta en Buenavista, muy céntrico, consta de amplio salón, cocina amueblada, tendedero, cuatro dormitorios y dos baños. Garaje. Suelos de tarima, ventanas de aluminio con climalit. Buen estado, Calefacción y aire acondicionado. Excelente situación.",35.0,4,2,False,False,False,False,False,True,True,True,Calefacción individual,True,,,,
105863129, Casa o chalet independiente en venta en Buenavista-Valparaíso-La Legua,Toledo,354900,260,house,Segunda mano/buen estado,3.0,"Quieres la casa de tus sueños? Pues sigue leyendoVistas espectaculares a ToledoLa vivienda consta de:-4 Habitaciones.-3 Baños completos-Aire acondicionado-Piscina-Pista de tenis-Garaje de 2 plazas incluidas en el precio-Armarios empotrados-Cocina equipada-Chimenea en el salón-Terraza-JardinesToledo es una ciudad de encanto. Dispone de todos los servicios necesarios como hospitales, AVE, Renfe, autobuses, parques, centros comerciales, tiendas, teatros, casco antiguo, farmacias, colegios, guarderíasVivirás tranquilo y sin preocupaciones en este gran hogar¿A qué esperas para verlo?Te enamoraráSomos financiera propia, consiguiendo como mínimo el 90% y en algunos casos el 100%Pregunta sin compromiso. [IW].",49.0,4,4,False,False,False,False,False,True,True,True,Calefacción individual: Gas natural,,,Terraza,D,D
96697984,"Piso en venta en avenida de la Legua, 25","Buenavista-Valparaíso-La Legua, Toledo",200000,90,flat,Segunda mano/buen estado,2.0,Amplias y luminosas viviendas de 2 dormitorios con excelentes calidades en urbanización con piscina y zona infantil privada.,8.0,2,1,False,False,False,False,False,True,True,True,Calefacción individual: Gas natural,True,,Terraza,E,D
103201020," Chalet pareado en venta en calle Laurel Real, 88","Buenavista-Valparaíso-La Legua, Toledo",369500,250,house,Segunda mano/buen estado,3.0,"Chalet Pareado en URBANIZACION VALPARAISO!Mejor ver.Si te gusta que tu familia disfrute de amplias zonas, quizá deberías visitar este maravilloso chalet pareado, muy versátil y con zona de juegos independiente en el jardín trasero, con baño propio, armario empotrados, gran porche, chimenea, una práctica pila y una barbacoa.Consolidado en una de las mejores urbanizaciones de Toledo, Urbanización Valparaiso, con todos los servicios cerca, hospitales, colegio público, colegio privado San Patricio, Club Deportivo la Legua, Mercadona, zonas deportivas, cafeterías, peluquerías, librería, iglesia. , y todo ello en un entorno totalmente natural para disfrutar de largos paseos y aire puro. Desde la casa disfrutarás de unas maravillosas vistas al Alcazar de Toledo y a la Catedral.Se encuentra justo en frente de las zonas comunes, con lo que aún hace que sea mucho mas cómoda.La vivienda tiene unas mejoras que te sorprenderán.Mejor ver.",25.0,4,4,False,False,False,False,False,True,True,True,Calefacción individual: Gas natural,,,Terraza,,
95885183," Chalet pareado en venta en avenida del Olmo, 132","Buenavista-Valparaíso-La Legua, Toledo",330000,120,house,Segunda mano/buen estado,3.0,"Chalet pareado en Valparaiso, con parcela de 450 m2, cuatro dormitorios, dos baños completos y un aseo con ducha, calefacción por gas natural, suelos en marmol en la planta baja y tarima en la primera. Dispone de piscina comunitaria. En perfecto estado. Actualmente está alquilado pero se puede visitar. La entrega será para el cuarto trimestre de 2024.",32.0,4,3,False,False,False,False,False,True,True,False,Calefacción individual: Gas natural,,,Terraza,,
100274271,"Piso en venta en ronda de Buenavista, 23","Buenavista-Valparaíso-La Legua, Toledo",82500,33,flat,Segunda mano/buen estado,3.0,"Apartamento ( oficina) de 32,90 m2 aprox. salón muy luminoso, cuenta con un dormitorios, un cuarto de baño, cocina amueblada, aire acondicionado, solados en tarima, cuenta con plaza de garaje. Excelente ubicación en el Barrio de Buenavista. Vivienda actualmente alquilada.",4.0,1,1,False,True,False,False,False,True,True,True,Calefacción individual: Bomba de frío/calor,True,,,G,F
106176563, Chalet adosado en venta en calle Juan Bautista Maino,"Buenavista-Valparaíso-La Legua, Toledo",210000,125,house,Segunda mano/buen estado,2.0,"Casa adosada de tres dormitorios, un baño y un aseo, calefacción por gas natural, patio, cocina amueblada, tiene trastro, garaje, carpintería exterior de aluminio, en ventanas tiene mallorquinas, puertas en roble. Vivienda de Protección Oficial, régimen especial.Está en el barrio de La Legua.",50.0,3,2,False,False,False,False,False,True,True,False,Calefacción individual: Gas natural,,,,,
105681007,Piso en venta en Buenavista-Valparaíso-La Legua,Toledo,425000,128,flat,Segunda mano/buen estado,1.0,"TU CASA TOLEDO VENDE. PRECIO NEGOCIABLE ¡Descubre este espectacular piso de tres habitaciones y dos baños completos! Situado en una de las mejores urbanizaciones de toledo, cerca de comercios y colegios, esta vivienda ofrece todas las comodidades y lujos que puedas desear. Habitaciones: Tres amplias habitaciones, perfectas para el descanso y la tranquilidad. Baños: Dos baños completos, diseñados con estilo y funcionalidad. Cocina: Cocina totalmente equipada con una práctica zona de tendedero. Ideal para los amantes de la cocina. Salón: Un amplio salón con un pequeño balcón que aporta un toque de frescura y luminosidad. Climatización: Aire acondicionado por split en todas las estancias para tu confort durante todo el año. Calefacción de gas natural que asegura una temperatura agradable en los meses fríos. Persianas: Persianas motorizadas en el salón y el dormitorio principal para mayor comodidad. Luminosa: La vivienda es muy luminosa, permitiendo la entrada de luz natural durante todo el día. Terraza: La joya de la corona es, sin duda, su impresionante terraza de más de 100m². Un espacio perfecto para disfrutar del aire libre, organizar reuniones o simplemente relajarse. Extras: Plaza de Garaje: Incluida en el precio, asegurando que tu vehículo esté siempre protegido. Trastero: Espacio adicional para almacenamiento, también incluido en el precio. Urbanización: La urbanización es uno de sus mayores atractivos, ofreciendo una calidad de vida inigualable con: Piscina Zonas verdes Pista de padel Portero físico No dejes pasar esta oportunidad de vivir en una de las mejores zonas de Toledo, con todas las comodidades y lujos que siempre has soñado. ¡Contáctanos para más información y para agendar una visita!",48.0,3,2,False,False,False,False,False,True,True,True,Calefacción individual: Gas natural,True,,Terraza y balcón,,
94487661," Chalet pareado en venta en calle Piñonero, 35","Buenavista-Valparaíso-La Legua, Toledo",372000,280,house,Segunda mano/buen estado,2.0,"Chalet en Valparaíso, 420 m2 de parcela.Gran patio con piscina, garaje exterior con porche de madera, un gran cenador y habitación exterior con aseo.Vivienda: Sótano con garaje. Planta primera con cocina, aseo, hall de entrada, y salón comedor. Planta segunda: 4 dormitorios con armarios empotrados y dos baños, uno de ellos dentro del dormitorio principal.Calefacción de Gas Natural. Aire acondicionado por conductos en toda la vivienda.Actualmente alquilado por 1.250 euros mensuales.",16.0,4,3,False,False,False,False,False,True,True,True,Calefacción individual: Gas natural,,,Terraza y balcón,A,A
105288311,"Piso en venta en ronda Buenavista, 2","Buenavista-Valparaíso-La Legua, Toledo",215000,90,flat,Segunda mano/buen estado,1.0,"Se vende piso en primera planta de 90m2 en una de las mejores zonas residenciales de Toledo.El piso consta de 3 dormitorios con colchones recién cambiados (dos con cama individual y otro con cama de matrimonio), un baño, una cocina amueblada con extractor recién cambiado y con una terraza adherida y un salón con terraza adherida.El piso dispone de calefacción central con contador individual, además de aire acondicionado (frío/calor). Como instalaciones extras incluidas en la comunidad, encontramos dos piscinas, una pista de tenis, zonas verdes y ajardinadas, así como un aparcamiento privado.El inmueble tiene una ubicación inmejorable. Las familias tienen al alcance en un radio de menos de 10' a pie servicios como colegios, institutos, supermercados, servicios médicos.. . Inversores tienen la Universidad a 10' en coche, el Hospital Nacional de Parapléjicos a 10' o comisaría de Policía a 10', entre otros. Ambos encontrarán una zona residencial tranquila con un ambiente vecinal inmejorable.",14.0,3,1,False,False,False,False,False,True,True,True,Calefacción individual: Gas natural,True,,Terraza y balcón,B,C
99939280," Chalet adosado en venta en calle de Alemania, 167","Buenavista-Valparaíso-La Legua, Toledo",430000,175,house,Segunda mano/buen estado,3.0,"Precioso chalet adosado en la mejor zona de toledo barrio de buenavista, astenerse inmobiliarias.",18.0,5,3,False,False,False,False,False,True,True,True,,,,Terraza,B,B
96417757, Casa o chalet independiente en venta en Buenavista-Valparaíso-La Legua,Toledo,6850000,1650,house,Segunda mano/buen estado,2.0,"Cigarral zona norte de Toledo con inmejorable situación y accesos.Edificación singular con zonas exclusivas de recreo y máxima tranquilidad.Rápidos accesos A-42 y AP-41.Zona con aislamientos acústicos y medioambientales demostrables.Exclusividad, Seguridad, Aislamiento, Ubicación, Comunicación, Representatividad, Panorámica con un plus. Casoplón zona norte de la Ciudad de las Tres Culturas.Posibilidad de otros desarrollos sobre parcela de 50.000 metros.Panorámica de las Pirámides del Egipto Toledano.Cuadro de visualización de parte de los Montes de Toledo.El precio es adaptable en función de la configuración de A + B + CDada la singularidad del proyecto, la atención será personalizada y presencialmente por el gestor exclusivo, teléfono 660090671.",,9,1,False,True,False,False,False,True,True,True,Calefacción individual: Gas propano/butano,,,Terraza y balcón,,
106049070, Chalet adosado en venta en Buenavista-Valparaíso-La Legua,Toledo,380000,158,house,Segunda mano/buen estado,2.0,"PARTICULAR vende CHALET ADOSADO en BUENAVISTA (Toledo) compuesto por 2 plantas, con SALÓN, COCINA, 4 DORMITORIOS, 2 BAÑOS y 1 ASEO. Dispone de Despensa y. GARAJE. Con calefacción de GAS NATURAL y AIRE ACONDICIONADO. La planta baja consta de garaje y patio, Aseo, comedor, cocina, con una zona de despensa, PATIO trasero con toldo y entrada principal acristalada. En la 1ª planta se sitúan 4 habitaciones, con AIRE ACONDICIONADO CENTRALIZADO. La de matrimonio con baño y vestidor incorporado, y otra habitación con TERRAZA. Y dos BAÑOS COMPLETOS. Se accede a través de un hall de entrada amplio, que da acceso al resto de estancias y desde el cual sale la escalera de subida a la planta superior.SALÓN amplio, dividido en dos áreas, una a modo de descanso donde situar el sofá con la televisión, y otra a modo de comedor, donde se sitúa la mesa con sillas, ideal para comidas familiares y/o con amigos. Cuenta con AIRE ACONDICIONADO. 4 DORMITORIOS amplios, luminosos, con espacio para situar todo el mobiliario y suelos de parket. Con ARMARIOS EMPOTRADOS. DORMITORIO principal tipo suite con BAÑO incorporado otro dormitorio dispone de TERRAZA.COCINA con mobiliario alto y bajo, gran capacidad de almacenaje, y espacio para situar todos los electrodomésticos: frigorífico, horno, microondas, etcétera, con espacio para colocar una mesa con sillas. Cuenta con AIRE ACONDICIONADO, DESPENSA y salida al PATIO. El cual está solado y con toldo ideal para disfrutar de momentos especiales.GARAJE, el cual cuenta con puerta automática.Zonas comunes dispone de PISCINA comunitaria.",25.0,4,3,True,False,False,False,False,True,True,True,Calefacción individual,,,Terraza,E,E
32400005," Casa o chalet independiente en venta en calle Piñonero, 23","Buenavista-Valparaíso-La Legua, Toledo",470000,302,house,Segunda mano/buen estado,3.0,"Chalet de lujo, excelentes calidades. Unifamiliar. Jardín con barbacoa y porche(no tiene porche, solo la parte del suelo, )todo para entrar. Gran salón con chimenea y ventanales. Cocina amueblada espaciosa y muy luminosa con acceso al jardín. 3 baños equipados y un aseo. 5 dormitorios, uno de ellos en planta baja. Amplio vestidor en dormitorio principal. Habitación para trastero o gimnasio. Bodega de 50 mts ideal para fiestas O SALÓN EN VERANO. Aire acondicionado/BOMBA DE CALOR en toda la vivienda. Zona muy tranquila con colegios(publico a 100 mts y privado bilingüe a menos de 1000 mts), supermercados, parques y zonas deportivas a tan solo 5 minutos. distribución: terraza descubierta de 15 m2 la casa dispone de: portero automático.",12.0,5,4,False,False,False,False,False,True,True,True,,,,Terraza,,
106184595,"Piso en venta en ronda Buenavista, 25","Buenavista-Valparaíso-La Legua, Toledo",260000,119,flat,Segunda mano/buen estado,2.0,"Piso en venta en urbanización privada con amplias zonas comunes y piscina comunitaria.La vivienda es toda exterior y está situada en un segundo piso. Cuenta con amplio salón con terraza, cocina con terraza-tendedero, 4 dormitorios (tres de ellos con armario empotrado), cuarto de baño completo y cuarto de aseo con ducha. Además cuenta con plaza de garaje incluida en el precio.Está situado en el barrio de Buenavista, a escasos minutos a pie de todos los servicios: colegio, guardería, centro de salud, supermercado, instalaciones deportivas, etc, así como de parques, restaurantes y cafeterías. Está bien comunicado por transporte urbano con toda la ciudad y tiene rápido acceso a la autovía A-42.Venta directa desde el propietario. Contactar vía whatsapp. No atendemos inmobiliarias.",14.0,5,2,False,False,False,False,False,True,True,True,,True,,Terraza y balcón,E,E
105745215,"Piso en venta en calle Doctor Jiménez Díaz, 4","Buenavista-Valparaíso-La Legua, Toledo",285000,70,flat,Segunda mano/buen estado,4.0,"Tiene dos balcones y una terraza, dispone de tendedero, suelo de parqué menos la cocina y el baño, todas las estancias dan a la calle, trastero amplio y plaza de garaje incluidos en el precio, muy luminoso y tranquilo.La vivienda se encuentra en la urbanización tres culturas junto al hospital Quironsalud. Calefacción central con contador individual, Gas Natural, dispone de placas solares.",40.0,2,1,False,False,False,False,False,True,True,True,Calefacción central: Gas,True,,Terraza y balcón,D,D
106351022, Casa o chalet independiente en venta en Buenavista-Valparaíso-La Legua,Toledo,680000,604,house,Segunda mano/para reformar,3.0,"CIGARRALES DE VISTAHERMOSA. espectacular chalet individual en gran parcela de 4415 metros con muchísimas posibilidades ( piscina, pista de padel, tenis etc. etc. ) Tiene una ubicación con excelentes vistas al Casco histórico de Toledo, zona muy tranquilaLa vivienda tiene las siguientes superficies:PLANTA BAJA 328 metros construida y 187 metros útiles ( está en bruto )PLANTA PRIMERA: 255 metros construidos y 222 metros útiles, dispone de amplios dormitorios, baños, cocina, salón con chimenea.PLANTA SEGUNDA: 233 metros construidos y 194 metros útiles ( en bruto con posibilidades de hacer más dormitorios, baños. etc etc. )El chalet dispone de amplias terrazas, pozo con abundante agua, es todo exterior con gran luminosidad NO PIERDA ÉSTA OPORTUNIDAD. VISITELA SIN COMPROMISO.",23.0,5,3,False,False,False,False,False,True,True,False,Calefacción individual,,,Terraza,,
105497225," Chalet adosado en venta en calle de Jerónimo de Ceballos, 2","Buenavista-Valparaíso-La Legua, Toledo",360000,270,house,Segunda mano/buen estado,2.0,"Vivienda unifamiliar adosada en urbanización la legua, en calle Jerónimo de Ceballos, 8. Cuenta con 2 plantas. Planta baja: cocina, salón, aseo y puerta de acceso a garaje y jardín. Éste tiene 100m2, 50 m2 solados, con pérgola y toldo. Los otros 50m2, con plantas.Planta primera: 4 dormitorios, 2 cuartos de baño completos.",19.0,4,3,False,False,False,False,False,True,True,True,Calefacción individual: Gas natural,,,Terraza,A,A
97469003, Casa o chalet independiente en venta en Buenavista-Valparaíso-La Legua,Toledo,750000,480,house,Segunda mano/buen estado,,"INMOTOMAR VENDE: Espectacular chalet en finca situada en Toledo, muy amplia, muy luminosa, cuenta con un terreno muy extenso a su alrededor. Se encuentra a 5 minutos del centro de la ciudad, y muy cerca de un parque comercial.Características:- Chalet: 480 m2 construidos- Terreno: 24.000m2- Jardín- Piscina en el jardín- Caballeriza para caballos en el terreno.",21.0,8,5,False,True,False,False,False,True,True,False,,,,,,
102513769," Chalet pareado en venta en avenida del Tilo, 26","Buenavista-Valparaíso-La Legua, Toledo",400000,170,house,Segunda mano/buen estado,2.0,"chalet pareado, cocina, salón, 4 dormitorios, 4 baños, parcela con jardín y piscina, doble ventana, rejas en ventanas y puertas de cocina y salón con llave, para abrir desde el interior.",10.0,4,4,False,False,False,False,False,True,True,True,Calefacción individual: Gas natural,,,Terraza,,
25380472,"Piso en venta en ronda Buenavista, 27","Buenavista-Valparaíso-La Legua, Toledo",240000,105,flat,Segunda mano/buen estado,3.0,,4.0,4,2,False,False,False,False,False,True,True,True,,True,,Terraza y balcón,,
31584699," Casa o chalet independiente en venta en calle tulipán, 13","Buenavista-Valparaíso-La Legua, Toledo",500000,195,house,Segunda mano/buen estado,1.0,,,5,2,True,False,False,False,False,True,True,True,,,,Terraza,,
